locus_id	model	bootstrap_type	fit_orientation	trend_spearman	rho_spearman	n_sites	alt_min	alt_max	alt_rng	center_bound_low	center_bound_high	width_bound_high	dp_obs	center	center_lo	center_hi	width	width_lo	width_hi	pMin	pMax	p_low_orig	p_high_orig	delta_p	delta_p_signed	delta_p_abs	delta_p_abs_lo	delta_p_abs_hi	logLik	AIC	n_boot_total	n_boot_ok	boot_success_prop	center_boot_sd	width_boot_sd	delta_p_abs_boot_sd	center_ci_hits_bound	width_ci_hits_bound
R004174_136	free_noTails	parametric	original	Increasing	0.867938670382317	11	450	2300	1850	265	2485	9250	0.5	1046.51913071452	962.132978718753	1233.05119953454	144.573268447129	11.683366869512	433.29342481254	0.00139115333670817	0.396686581503919	0.00139115333670817	0.396686581503919	0.39529542816721	0.39529542816721	0.39529542816721	0.251617891859059	0.511498263810736	-49.831285295169	107.662570590338	100	100	1	61.5798740426671	119.764781311359	0.0671646899223718	FALSE	FALSE
R009081_18	free_noTails	parametric	flipped_to_increasing	Decreasing	-0.783801281907812	11	450	2300	1850	265	2485	9250	0.5	1125.72772796619	1005.06791237658	1212.0486967574	48.4237674112811	3.24697071817606	434.992052109054	0.596862113681549	0.985618150769757	0.403137886318451	0.014381849230243	0.388756037088208	-0.388756037088208	0.388756037088208	0.280912196933313	0.562559170601495	-49.3302387112054	106.660477422411	100	100	1	50.4012534294815	110.944546857034	0.0697246792924088	FALSE	FALSE
R009667_81	free_noTails	parametric	original	Increasing	0.738608122106681	11	450	2300	1850	265	2485	9250	0.5	1322.87694883004	1205.20614006282	2188.70186677951	96.8647743580981	15.0734020080546	1386.6507594379	0.0367817191436167	0.360284793625489	0.0367817191436167	0.360284793625489	0.323503074481872	0.323503074481872	0.323503074481872	0.170452167276751	0.762942875664897	-39.9009114092778	87.8018228185556	100	100	1	297.829215365216	374.584910585712	0.14242704042024	FALSE	FALSE
R010003_49	free_noTails	parametric	flipped_to_increasing	Decreasing	-0.891187340592907	11	450	2300	1850	265	2485	9250	0.5	918.174399589048	448.921375954496	1260.55831551761	694.939913578583	12.8665901408664	1254.86991724764	0.464474431919523	0.999029527874651	0.535525568080477	0.000970472125348509	0.534555095955129	-0.534555095955129	0.534555095955129	0.274019743007486	0.975647551314819	-38.6836863332466	85.3673726664931	100	100	1	192.680716572776	369.225280315575	0.200853111665324	FALSE	FALSE
R017192_80	free_noTails	parametric	flipped_to_increasing	Decreasing	-0.761499937545733	11	450	2300	1850	265	2485	9250	0.5	1852.99171895457	1024.34685219452	1937.96331498215	163.435306284454	14.6015152604192	1060.57410680898	0.668928757340511	0.999365841884996	0.331071242659489	0.000634158115004113	0.330437084544485	-0.330437084544485	0.330437084544485	0.22289153732374	0.65915450644549	-48.7901372879869	105.580274575974	100	100	1	283.334188886571	311.304891686599	0.113580762959949	FALSE	FALSE
R017916_78	free_noTails	parametric	flipped_to_increasing	Decreasing	-0.919198937236662	10	450	2300	1850	265	2485	9250	0.416666666666667	1205.61864592174	884.35784831553	1496.89243486011	372.567627184893	11.4588518671681	868.609618124516	0.64646395589612	0.999960577424691	0.35353604410388	3.94225753086452e-05	0.353496621528571	-0.353496621528571	0.353496621528571	0.212815945720168	0.65730241961911	-43.014019217556	94.028038435112	100	100	1	156.820969122162	242.857970988484	0.112862110891898	FALSE	FALSE
R022224_24	free_noTails	parametric	flipped_to_increasing	Decreasing	-0.834181103747123	11	450	2300	1850	265	2485	9250	0.5	1934.14762536332	616.981711231965	2015.68204821587	134.059516554514	14.3079463173107	2132.21386477136	0.595676389781471	0.949514502331593	0.404323610218529	0.0504854976684073	0.353838112550121	-0.353838112550121	0.353838112550121	0.246862030100082	0.883458917378273	-66.4472449181029	140.894489836206	100	100	1	363.871137014425	571.037908619931	0.130736251863394	FALSE	FALSE
R022224_25	free_noTails	parametric	flipped_to_increasing	Decreasing	-0.894986499355357	11	450	2300	1850	265	2485	9250	0.5	1104.7228145869	523.140462442482	1912.93669417859	1552.59247776083	28.0605182964168	2023.08967402573	0.404023277303568	0.986405859930334	0.595976722696432	0.0135941400696664	0.582382582626766	-0.582382582626766	0.582382582626766	0.256658023904889	0.924677414384579	-61.0635034058718	130.127006811744	100	100	1	359.412412524377	601.338202357938	0.192906531870952	FALSE	FALSE
R022224_8	free_noTails	parametric	flipped_to_increasing	Decreasing	-0.930484210398471	11	450	2300	1850	265	2485	9250	0.5	1897.34029012382	795.756096408278	2006.53199928589	92.5456567178571	27.9069604380247	2314.80752563607	0.543822038891064	0.915866614229944	0.456177961108936	0.0841333857700557	0.37204457533888	-0.37204457533888	0.37204457533888	0.239492554378778	0.910093711870458	-67.6388641777947	143.277728355589	100	100	1	318.901935643426	592.716783994151	0.14321504969568	FALSE	FALSE
R024672_18	free_noTails	parametric	flipped_to_increasing	Decreasing	-0.8149545652343	10	450	2300	1850	265	2485	9250	0.571428571428571	1126.92155235966	1029.4535096451	1295.40786045993	66.4305910603971	4.19007168447623	647.683558760712	0.490981368351384	0.965620946921991	0.509018631648616	0.0343790530780095	0.474639578570606	-0.474639578570606	0.474639578570606	0.347927180505891	0.695553239204946	-51.3113505373737	110.622701074747	100	100	1	108.744164690526	211.32345569096	0.0928269734137388	FALSE	FALSE
R024672_35	free_noTails	parametric	flipped_to_increasing	Decreasing	-0.817423891369599	10	450	2300	1850	265	2485	9250	0.5	1202.08612739309	1075.23323018175	1265.61206543087	33.4622084665395	6.18147957229767	280.105470938444	0.567424023741819	0.998887601088046	0.432575976258181	0.00111239891195403	0.431463577346227	-0.431463577346227	0.431463577346227	0.301705809315871	0.65519716040792	-41.1052028750416	90.2104057500833	100	100	1	58.4895313988925	86.1279151706979	0.0866477716976029	FALSE	FALSE
R024672_53	free_noTails	parametric	flipped_to_increasing	Decreasing	-0.829928827260677	10	450	2300	1850	265	2485	9250	0.571428571428571	1273.81455718511	1093.77933666066	1351.75401392178	77.4491242143459	6.05039384912938	568.374833547028	0.512528147383749	0.999688200767156	0.487471852616251	0.000311799232843524	0.487160053383408	-0.487160053383408	0.487160053383408	0.384126254261357	0.755522717401144	-47.4357297432656	102.871459486531	100	100	1	74.4365604218447	179.329491593066	0.0887032264427381	FALSE	FALSE
R025848_41	free_noTails	parametric	original	Increasing	0.863397096042456	11	450	2300	1850	265	2485	9250	0.333333333333333	2057.33600697093	1733.97166701727	2367.20624532222	473.272839804628	3.82895295747294	823.430890670337	0.000142747982836623	0.398723700934421	0.000142747982836623	0.398723700934421	0.398580952951584	0.398580952951584	0.398580952951584	0.139594166997243	0.909359742989758	-19.1306634739065	46.2613269478129	100	100	1	173.951730430886	250.253456465456	0.223118511245254	FALSE	FALSE
R028703_19	free_noTails	parametric	flipped_to_increasing	Decreasing	-0.915324085675769	11	450	2300	1850	265	2485	9250	0.5	920.685365697896	456.606270971287	1386.17908642143	838.56465927341	14.6693092245364	1380.93001527486	0.46317974523613	0.999895795593747	0.53682025476387	0.000104204406253028	0.536716050357617	-0.536716050357617	0.536716050357617	0.207407537455627	0.958278077464334	-34.6713967642125	77.3427935284251	100	100	1	246.381577579633	410.141454102497	0.22649702681274	FALSE	FALSE
R035974_55	free_noTails	parametric	flipped_to_increasing	Decreasing	-0.897549110408119	11	450	2300	1850	265	2485	9250	0.5	1961.90254087032	1009.7037956214	2059.90840411401	195.950007145461	11.8901898505005	1673.29272594733	0.533937184252429	0.995953151645961	0.466062815747571	0.00404684835403857	0.462015967393533	-0.462015967393533	0.462015967393533	0.322451975277339	0.768016131218119	-61.8392755052804	131.678551010561	100	100	1	228.952549555582	430.66177513651	0.102453877639295	FALSE	FALSE
R036323_74	free_noTails	parametric	original	Increasing	0.946698206696756	11	450	2300	1850	265	2485	9250	0.5	1083.06044510804	999.255797633667	1235.48383854883	107.488498264477	1.6892130869591	488.069263362751	0.00078986787064074	0.362244274152333	0.00078986787064074	0.362244274152333	0.361454406281692	0.361454406281692	0.361454406281692	0.200879756921159	0.489321896092438	-43.379063337136	94.758126674272	100	100	1	62.2744304021523	117.200870596943	0.0766533403425162	FALSE	FALSE
R040425_54	free_noTails	parametric	flipped_to_increasing	Decreasing	-0.907097322686796	11	450	2300	1850	265	2485	9250	0.5	1042.89714841143	907.164130202999	1124.9840235552	172.047170374711	4.32179899245396	444.899698969937	0.588996725801711	0.999340726352631	0.411003274198289	0.000659273647368841	0.41034400055092	-0.41034400055092	0.41034400055092	0.289980505104866	0.665636880437331	-33.8483166034246	75.6966332068492	100	100	1	57.3143923121529	120.924739498379	0.0972503457408755	FALSE	FALSE
R040425_61	free_noTails	parametric	flipped_to_increasing	Decreasing	-0.907097322686796	11	450	2300	1850	265	2485	9250	0.5	1082.21121033605	895.114365821745	1143.10102902114	87.4582136208333	1.47121856498186	496.771839008574	0.610588885183908	0.999916413481662	0.389411114816092	8.35865183376194e-05	0.389327528297755	-0.389327528297755	0.389327528297755	0.231002806713781	0.639604217445504	-32.3637490064384	72.7274980128768	100	100	1	58.9226587672672	123.628077419998	0.102187204421605	FALSE	FALSE
R040858_309	free_noTails	parametric	flipped_to_increasing	Decreasing	-0.708857770531561	11	450	2300	1850	265	2485	9250	0.5	1880.98960478793	781.98273356219	1969.33605918525	87.3730682831811	5.7904115112308	1512.65294366127	0.646343131280616	0.999766614597217	0.353656868719384	0.000233385402783282	0.353423483316601	-0.353423483316601	0.353423483316601	0.223993908301812	0.76303086916786	-49.1249322329835	106.249864465967	100	100	1	316.976328982299	353.945235790695	0.129764904704007	FALSE	FALSE
R049758_202	free_noTails	parametric	flipped_to_increasing	Decreasing	-0.77051412852942	11	450	2300	1850	265	2485	9250	0.5	1092.74475774594	950.221880371933	1172.72460124141	61.5670484951774	8.4659740842701	458.763607267851	0.528064370645354	0.982196117025486	0.471935629354646	0.0178038829745143	0.454131746380132	-0.454131746380132	0.454131746380132	0.330091943967465	0.668310121285624	-46.1475046428003	100.295009285601	100	100	1	56.2322479290459	120.089675703997	0.0944411828632691	FALSE	FALSE
R056201_76	free_noTails	parametric	flipped_to_increasing	Decreasing	-0.935495331442929	10	450	2300	1850	265	2485	9250	0.5	875.843968804917	448.960710773005	1746.4084747561	1373.21040377596	6.25821074947209	1792.94876472981	0.355197372224245	0.999804686107605	0.644802627775755	0.00019531389239491	0.64460731388336	-0.64460731388336	0.64460731388336	0.228318791175407	0.972368669115428	-37.839643785374	83.6792875707479	100	100	1	334.713528446533	590.933897098534	0.229335271500381	FALSE	FALSE
R057384_47	free_noTails	parametric	original	Increasing	0.704194232567538	11	450	2300	1850	265	2485	9250	0.5	1939.82105110232	1401.11506655516	2316.8269858722	317.288486625191	22.5916756905611	1909.23627343804	0.0695629109229156	0.493165588479141	0.0695629109229156	0.493165588479141	0.423602677556225	0.423602677556225	0.423602677556225	0.24809010320626	0.84586072156104	-43.1184540412326	94.2369080824652	100	100	1	212.061458776139	504.362398024187	0.165918100813815	FALSE	FALSE
R058569_67	free_noTails	parametric	original	Increasing	0.80212852981203	11	450	2300	1850	265	2485	9250	0.5	1990.76699405979	1821.93501603326	2248.91075597404	144.101409940872	4.8727784065824	1053.03759623568	0.0554206700339103	0.46678069854073	0.0554206700339103	0.46678069854073	0.41136002850682	0.41136002850682	0.41136002850682	0.23551430999151	0.911030022205413	-42.272051211099	92.5441024221981	100	100	1	154.552750407006	292.642179761438	0.158624526834721	FALSE	FALSE
R063986_69	free_noTails	parametric	flipped_to_increasing	Decreasing	-0.886997995770143	11	450	2300	1850	265	2485	9250	0.666666666666667	1067.24971738141	939.930628307872	1114.24670179693	86.894996114335	2.07983023393569	340.127471820604	0.466236689622861	0.999372169655925	0.533763310377139	0.00062783034407532	0.533135480033064	-0.533135480033064	0.533135480033064	0.379685065899765	0.754550711817893	-22.4078578282366	52.8157156564731	100	100	1	58.242277379626	126.902828059532	0.100209018697143	FALSE	FALSE
R065322_41	free_noTails	parametric	flipped_to_increasing	Decreasing	-0.872170038613083	11	450	2300	1850	265	2485	9250	0.5	1103.92674839203	1029.42053396145	1180.80759167909	12.8762096501326	1.69538386278145	293.333089330493	0.587126896790194	0.999665143406402	0.412873103209806	0.000334856593598332	0.412538246616208	-0.412538246616208	0.412538246616208	0.236825344265051	0.627907329257677	-36.7818889425745	81.563777885149	100	100	1	45.2248370469165	96.5279529342053	0.0929836279191426	FALSE	FALSE
R065992_28	free_noTails	parametric	original	Increasing	0.781839323181386	11	450	2300	1850	265	2485	9250	0.5	947.583983166623	889.02306913688	1174.19588973704	68.1168430014031	4.53498540411841	557.888192900822	0.0562806108757059	0.431382233285998	0.0562806108757059	0.431382233285998	0.375101622410292	0.375101622410292	0.375101622410292	0.255675057570644	0.55676610017935	-57.815406191134	123.630812382268	100	100	1	182.40210676916	195.438200905323	0.0945831864359511	FALSE	FALSE
R067394_78	free_noTails	parametric	original	Increasing	0.850711147436527	11	450	2300	1850	265	2485	9250	0.416666666666667	1249.02397634482	1136.09073584016	1467.97681763015	177.33877610447	2.33568521296428	539.379477165979	0.000233861995230531	0.354687933443822	0.000233861995230531	0.354687933443822	0.354454071448592	0.354454071448592	0.354454071448592	0.246103078735526	0.508479345112274	-33.402711419691	74.8054228393819	100	100	1	161.740229760869	228.595023627085	0.106077632084606	FALSE	FALSE
R070847_35	free_noTails	parametric	original	Increasing	0.896254833890857	11	450	2300	1850	265	2485	9250	0.5	1391.96331668407	1205.16126989393	2195.60977427432	431.370159115044	13.6154295865743	1309.80346858315	0.00195725006856208	0.407384909665417	0.00195725006856208	0.407384909665417	0.405427659596855	0.405427659596855	0.405427659596855	0.28256070124188	0.881551087456097	-35.8799726943016	79.7599453886032	100	100	1	299.875655257902	374.545146000789	0.148461116804775	FALSE	FALSE
R072097_32	free_noTails	parametric	flipped_to_increasing	Decreasing	-0.678069517461136	11	450	2300	1850	265	2485	9250	0.5	1925.5832748509	1174.87180953723	1983.42739693138	44.0284997692497	6.24296214936673	521.512088806021	0.598275445050877	0.997534668250756	0.401724554949123	0.0024653317492439	0.399259223199879	-0.399259223199879	0.399259223199879	0.26872695437269	0.58190254925935	-53.4172328730836	114.834465746167	100	100	1	208.041371346395	164.865516627053	0.0839497468559271	FALSE	FALSE
R072097_54	free_noTails	parametric	original	Increasing	0.877153867405158	11	450	2300	1850	265	2485	9250	0.416666666666667	1293.51526180176	1231.09962389627	2145.98499940002	91.7838367892255	2.12002046138207	977.044971321021	0.000165162199079402	0.309439911919957	0.000165162199079402	0.309439911919957	0.309274749720878	0.309274749720878	0.309274749720878	0.199026598091947	0.77624439716307	-32.5625152656222	73.1250305312443	100	100	1	291.761075416778	264.62693091476	0.134993923578948	FALSE	FALSE
R072477_29	free_noTails	parametric	flipped_to_increasing	Decreasing	-0.649531127815377	11	450	2300	1850	265	2485	9250	0.5	1991.91520947514	992.027325921247	2056.01508424337	107.847749974308	8.00529655396007	727.842562649987	0.534929740780879	0.995140707265023	0.465070259219121	0.00485929273497732	0.460210966484143	-0.460210966484143	0.460210966484143	0.27775366294741	0.61944411910067	-60.2348707226329	128.469741445266	100	100	1	216.697126715074	325.947572798913	0.100737388470423	FALSE	FALSE
R072477_49	free_noTails	parametric	flipped_to_increasing	Decreasing	-0.740569831879026	11	450	2300	1850	265	2485	9250	0.571428571428571	2007.29809895071	1904.11641192213	2081.04201878603	64.1264080403462	8.69183290497488	352.600365724488	0.49118380893761	0.989220295291422	0.50881619106239	0.0107797047085776	0.498036486353812	-0.498036486353812	0.498036486353812	0.335150802153249	0.61928620411023	-60.2375847361578	128.475169472316	100	100	1	86.290443842576	89.3670650425461	0.0765988878906249	FALSE	FALSE
R075206_18	free_noTails	parametric	original	Increasing	0.779163233013924	11	450	2300	1850	265	2485	9250	0.5	1986.01403905327	1922.96965993134	2122.57025579647	47.1617948065534	2.87166581395164	355.74706173021	0.0104028482335203	0.460057172732268	0.0104028482335203	0.460057172732268	0.449654324498747	0.449654324498747	0.449654324498747	0.259124415758235	0.735682328987666	-28.3315276361823	64.6630552723647	100	100	1	52.1857410255244	99.2018705757485	0.116205626180342	FALSE	FALSE
R075206_42	free_noTails	parametric	original	Increasing	0.786245393106896	11	450	2300	1850	265	2485	9250	0.5	1981.96022240917	1919.70809480261	2118.39922286084	69.3260237521457	4.18233372252574	406.372495147615	0.00062569380815779	0.441098242750053	0.00062569380815779	0.441098242750053	0.440472548941895	0.440472548941895	0.440472548941895	0.258345972612776	0.757893788902376	-21.5175066051266	51.0350132102533	100	100	1	48.8890779494659	110.942016051161	0.127443903340061	FALSE	FALSE
R077654_55	free_noTails	parametric	original	Increasing	0.752325239503013	11	450	2300	1850	265	2485	9250	0.5	1420.70367222971	1115.22512860171	2274.45455416409	1056.31051299305	18.7349923579022	2168.86127940072	4.54871935660715e-05	0.448213635427751	4.54871935660715e-05	0.448213635427751	0.448168148234185	0.448168148234185	0.448168148234185	0.272047085603648	0.931976790365477	-53.8425376773027	115.685075354605	100	100	1	343.734350145035	590.988235462725	0.168935444613489	FALSE	FALSE
R106792_48	free_noTails	parametric	flipped_to_increasing	Decreasing	-0.788137915919959	11	450	2300	1850	265	2485	9250	0.5	1143.94344182513	433.240510342221	1937.77072183986	1232.20744121651	34.1079178872487	2098.49581372222	0.460834233639696	0.977143162091534	0.539165766360304	0.0228568379084659	0.516308928451838	-0.516308928451838	0.516308928451838	0.228353934189186	0.970547216742935	-51.7143018940623	111.428603788125	100	100	1	386.184088262922	692.489170089201	0.216627591945131	FALSE	FALSE
R106851_52	free_noTails	parametric	original	Increasing	0.83770189909327	11	450	2300	1850	265	2485	9250	0.5	2036.47154399413	1289.96672994995	2322.37700759845	1019.93593434753	9.31010442540112	1483.02162533188	0.000344625192818686	0.585840150358508	0.000344625192818686	0.585840150358508	0.585495525165689	0.585495525165689	0.585495525165689	0.217738898685667	0.97030307050381	-30.3827546075634	68.7655092151267	100	100	1	295.016674841871	423.043566086785	0.226503499552872	FALSE	FALSE
R106851_58	free_noTails	parametric	original	Increasing	0.827788267151338	11	450	2300	1850	265	2485	9250	0.5	1852.53136206287	1268.75949324634	2203.73809073526	883.095168560867	15.1343976868191	1173.25990114442	0.000321359645483065	0.485564009114543	0.000321359645483065	0.485564009114543	0.48524264946906	0.48524264946906	0.48524264946906	0.234920928982769	0.950048426924037	-36.8118514214889	81.6237028429778	100	100	1	277.847188276077	351.146040088585	0.187509723256436	FALSE	FALSE
R106851_79	free_noTails	parametric	original	Increasing	0.835004911111921	11	450	2300	1850	265	2485	9250	0.5	1902.77763769209	1237.18318681218	2358.95073616068	1092.93842551161	7.65074608090198	1563.63088789765	0.00141262988013351	0.542738003906751	0.00141262988013351	0.542738003906751	0.541325374026617	0.541325374026617	0.541325374026617	0.212533848166364	0.976203382348203	-38.1553513239642	84.3107026479283	100	100	1	351.64517311091	479.30906489613	0.230669493644863	FALSE	FALSE
R106933_12	free_noTails	parametric	original	Increasing	0.852867863163889	11	450	2300	1850	265	2485	9250	0.333333333333333	1900.59098391526	1442.77730308421	2360.39875904042	2.33080289211659	8.16944581981915	773.797269627389	0.000282985948249581	0.248397405446341	0.000282985948249581	0.248397405446341	0.248114419498092	0.248114419498092	0.248114419498092	0.115579363789546	0.866113706793473	-21.6234958983151	51.2469917966302	100	100	1	194.143941372352	231.739951765749	0.202440877114281	FALSE	FALSE
R108022_64	free_noTails	parametric	original	Increasing	0.804054411407273	11	450	2300	1850	265	2485	9250	0.5	1108.92686904487	1017.06793028731	1376.29378695999	94.3518129793372	7.76752813690304	819.060500320516	0.0436100428564625	0.395905602673824	0.0436100428564625	0.395905602673824	0.352295559817361	0.352295559817361	0.352295559817361	0.213905875934615	0.542682600631611	-55.1985319647525	118.397063929505	100	100	1	171.714217590988	276.658640692741	0.0922803785518249	FALSE	FALSE
R108022_67	free_noTails	parametric	original	Increasing	0.747957592006766	11	450	2300	1850	265	2485	9250	0.5	1932.79358862666	1284.5015762337	2356.28403580917	180.432450766581	3.6862258152099	1982.50879597693	0.112116523791834	0.519571492244311	0.112116523791834	0.519571492244311	0.407454968452477	0.407454968452477	0.407454968452477	0.26643956657983	0.932652179756325	-54.3660971233921	116.732194246784	100	100	1	235.243536839045	608.003104667914	0.167368662266928	FALSE	FALSE
R108678_75	free_noTails	parametric	flipped_to_increasing	Decreasing	-0.85488598042411	11	450	2300	1850	265	2485	9250	0.5	1090.12407717645	906.08933457418	1133.56920647992	49.1744755795178	9.97358228507729	424.498585122827	0.620021364223758	0.999989310337863	0.379978635776242	1.0689662136687e-05	0.379967946114106	-0.379967946114106	0.379967946114106	0.271802029007211	0.58654978325487	-31.1789041400949	70.3578082801897	100	100	1	60.458793681244	115.77127552664	0.0883205270149607	FALSE	FALSE
R112328_80	free_noTails	parametric	original	Increasing	0.803004187296508	11	450	2300	1850	265	2485	9250	0.5	1896.12516887342	1381.43537061851	2218.3370315874	340.038280025329	22.2375455142649	1143.87699599982	0.0107853864316171	0.461029585229616	0.0107853864316171	0.461029585229616	0.450244198797999	0.450244198797999	0.450244198797999	0.247283398151965	0.929663136591013	-33.6038785863007	75.2077571726015	100	100	1	190.609151147627	292.36419368662	0.188012567313982	FALSE	FALSE
R118398_69	free_noTails	parametric	original	Increasing	0.720448862302457	11	450	2300	1850	265	2485	9250	0.5	1924.8142840605	1165.99343109807	2204.27226374519	78.2056703533759	6.56158846177066	2084.45275563887	0.0858447339097045	0.492284950132983	0.0858447339097045	0.492284950132983	0.406440216223278	0.406440216223278	0.406440216223278	0.236511178478334	0.853920907396553	-42.8240753829895	93.648150765979	100	100	1	296.36277258633	547.234250171963	0.171359507151528	FALSE	FALSE
R120895_9	free_noTails	parametric	flipped_to_increasing	Decreasing	-0.824042816359019	11	450	2300	1850	265	2485	9250	0.5	1239.10789013739	841.934040079369	1544.71671743006	15.7781761256725	1.09787574623406	1212.5729410683	0.582340839882133	0.968352562149184	0.417659160117867	0.031647437850816	0.386011722267051	-0.386011722267051	0.386011722267051	0.272539702889957	0.745043512824097	-39.8947010582004	87.7894021164008	100	100	1	152.083138934308	280.31536230452	0.115042336119977	FALSE	FALSE
R122686_65	free_noTails	parametric	original	Increasing	0.810750931649623	11	450	2300	1850	265	2485	9250	0.4	1858.2713300913	1438.10507140658	2297.42610918585	113.51005374087	16.3593081407461	713.604754393756	0.000199623839123531	0.244695801766374	0.000199623839123531	0.244695801766374	0.244496177927251	0.244496177927251	0.244496177927251	0.119057389973804	0.73974064262647	-25.3108552064372	58.6217104128744	100	100	1	200.381408815158	219.500459943339	0.151164841672263	FALSE	FALSE
R126146_53	free_noTails	parametric	original	Increasing	0.744584463593237	11	450	2300	1850	265	2485	9250	0.4	1997.85438091548	1922.17671199083	2231.34361704822	28.7855453873563	4.64606634343415	514.023584861299	0.0097379476473434	0.414669664114973	0.0097379476473434	0.414669664114973	0.40493171646763	0.40493171646763	0.40493171646763	0.190689397545749	0.903060245801288	-26.237237888073	60.474475776146	100	100	1	107.100034005172	133.566771310977	0.175517676790308	FALSE	FALSE
R126146_82	free_noTails	parametric	original	Increasing	0.862485978948101	11	450	2300	1850	265	2485	9250	0.416666666666667	1953.14246863555	1894.41379400831	2173.73582299454	115.332510594788	0.87214607809408	615.293519473822	0.0136156772769256	0.429114348220811	0.0136156772769256	0.429114348220811	0.415498670943885	0.415498670943885	0.415498670943885	0.227982956218133	0.889802475655985	-31.2831851303171	70.5663702606342	100	100	1	94.7871974357609	174.628706907204	0.149610832358352	FALSE	FALSE
R138588_36	free_noTails	parametric	original	Increasing	0.88967785172044	11	450	2300	1850	265	2485	9250	0.5	1301.91571286006	1226.92377104827	2077.422200058	84.9406651353744	1.35634264179981	645.878753630894	0.000335246022587171	0.336580844692388	0.000335246022587171	0.336580844692388	0.336245598669801	0.336245598669801	0.336245598669801	0.220884152851898	0.658626337181143	-32.4830546671953	72.9661093343906	100	100	1	271.166043614709	199.006252483204	0.105513400036038	FALSE	FALSE
R145598_62	free_noTails	parametric	flipped_to_increasing	Decreasing	-0.860760762877288	11	450	2300	1850	265	2485	9250	0.5	2004.28124053355	1733.92129553095	2067.22225619296	49.7547073652023	4.22384698851855	788.731057470649	0.50823760930839	0.999169724464758	0.49176239069161	0.00083027553524162	0.490932115156368	-0.490932115156368	0.490932115156368	0.356097307271705	0.636466974708167	-59.4964438190162	126.992887638032	100	100	1	115.551567171983	248.320526092769	0.0859628627643802	FALSE	FALSE
R146799_83	free_noTails	parametric	original	Increasing	0.774682960855324	11	450	2300	1850	265	2485	9250	0.428571428571429	2006.74176889898	1940.5807192468	2115.90764400415	46.430055605357	8.69316420671753	252.881623492916	1.17449451697842e-06	0.460873054491299	1.17449451697842e-06	0.460873054491299	0.460871879996782	0.460871879996782	0.460871879996782	0.28380668706831	0.719542943557402	-23.556789115204	55.1135782304081	100	100	1	41.833179980277	65.7081197791778	0.122004720997641	FALSE	FALSE
R156443_261	free_noTails	parametric	original	Increasing	0.779022005798618	11	450	2300	1850	265	2485	9250	0.416666666666667	1293.93160057936	1140.68204418857	2218.07928129306	37.6338550537452	4.99448714331155	1074.85768940848	0.0209801586415375	0.369088315330436	0.0209801586415375	0.369088315330436	0.348108156688898	0.348108156688898	0.348108156688898	0.220794802532903	0.953945717296142	-39.9152550261469	87.8305100522938	100	100	1	294.937072131261	321.054725870671	0.171304667414149	FALSE	FALSE
R160254_68	free_noTails	parametric	original	Increasing	0.852867863163889	11	450	2300	1850	265	2485	9250	0.4	1936.50394491323	1644.49533012067	2216.98939109437	166.068213986376	7.61452273817618	707.834207844225	0.000445148993951022	0.377050035417036	0.000445148993951022	0.377050035417036	0.376604886423085	0.376604886423085	0.376604886423085	0.208831522657937	0.894478535417669	-21.4411952725284	50.8823905450568	100	100	1	127.982038654032	193.76413890994	0.18650269592406	FALSE	FALSE
R160254_69	free_noTails	parametric	original	Increasing	0.852867863163889	11	450	2300	1850	265	2485	9250	0.4	1952.15113293822	1708.81441909203	2187.61956590741	151.003979592324	6.4481442861826	720.166259121988	0.000210798679234717	0.420735447037579	0.000210798679234717	0.420735447037579	0.420524648358345	0.420524648358345	0.420524648358345	0.242358042134581	0.922796682791197	-21.4677285828736	50.9354571657473	100	100	1	107.702872119419	210.292995257575	0.179329961144505	FALSE	FALSE
R170442_103	free_noTails	parametric	original	Increasing	0.88967785172044	11	450	2300	1850	265	2485	9250	0.5	1284.13491250478	1213.38771866865	1983.30883986802	113.601196397923	5.70299887865642	638.032431287398	0.000469062821633122	0.384828248821295	0.000469062821633122	0.384828248821295	0.384359185999662	0.384359185999662	0.384359185999662	0.274517948649284	0.521532015629254	-32.5622925082566	73.1245850165133	100	100	1	200.642652433375	175.510519998162	0.106124012090845	FALSE	FALSE
R178603_20	free_noTails	parametric	original	Increasing	0.841434896465216	11	450	2300	1850	265	2485	9250	0.5	1201.57464666612	920.937923541165	2240.46479485357	302.707816427786	8.17790066073404	1844.1858488184	0.101327586343242	0.412143672606627	0.101327586343242	0.412143672606627	0.310816086263386	0.310816086263386	0.310816086263386	0.190330181245964	0.790485828003205	-52.6308908855	113.261781771	100	100	1	409.227790996227	580.101005483237	0.160772875045215	FALSE	FALSE
R182550_54	free_noTails	parametric	flipped_to_increasing	Decreasing	-0.816548125802051	11	450	2300	1850	265	2485	9250	0.5	1829.22762377487	1061.39202118799	1900.6010693614	139.883167959426	6.13395370517464	1238.66919054335	0.681170615845444	0.999139208187756	0.318829384154556	0.000860791812243966	0.317968592342312	-0.317968592342312	0.317968592342312	0.20413207859346	0.502158166591345	-48.0926279558381	104.185255911676	100	100	1	251.496073533547	298.643868759586	0.0934439054711986	FALSE	FALSE
R188589_63	free_noTails	parametric	original	Increasing	0.786245393106896	11	450	2300	1850	265	2485	9250	0.5	2017.66324618	1953.61471113905	2118.27258910932	97.2076155489003	6.14808566942918	350.445487061697	0.000228579759146663	0.452456104691381	0.000228579759146663	0.452456104691381	0.452227524932234	0.452227524932234	0.452227524932234	0.233443027150386	0.710420545807252	-20.3793553988455	48.7587107976909	100	100	1	39.105454752741	78.4400362629022	0.135052718597303	FALSE	FALSE
R198349_21	free_noTails	parametric	original	Increasing	0.743700819611562	11	450	2300	1850	265	2485	9250	0.416666666666667	1943.30136576648	1504.38785784132	2205.32450662481	110.667034601309	7.18904557354308	775.084745931592	0.0278294837589534	0.426843364365557	0.0278294837589534	0.426843364365557	0.399013880606604	0.399013880606604	0.399013880606604	0.279621803157756	0.92990748093163	-32.7062137232243	73.4124274464486	100	100	1	140.726615976791	227.400759411475	0.161552546464946	FALSE	FALSE
R198349_23	free_noTails	parametric	original	Increasing	0.750346349143454	11	450	2300	1850	265	2485	9250	0.416666666666667	1937.35416462507	1230.92472333087	2208.57359153242	88.2576129825569	3.65182107341021	1103.76317085578	0.0306906553954642	0.419919885266409	0.0306906553954642	0.419919885266409	0.389229229870945	0.389229229870945	0.389229229870945	0.203656783980274	0.855906007236691	-34.1527050734463	76.3054101468927	100	100	1	213.842743328896	343.303697924217	0.166324162928935	FALSE	FALSE
R198349_31	free_noTails	parametric	original	Increasing	0.77230469728893	11	450	2300	1850	265	2485	9250	0.416666666666667	1922.70443104751	1319.89223214251	2244.25633265168	95.5274637414515	8.38578656152535	1723.69356289795	0.0312468536667663	0.398841803877704	0.0312468536667663	0.398841803877704	0.367594950210938	0.367594950210938	0.367594950210938	0.209206257043321	0.924416229537898	-35.0195222355137	78.0390444710274	100	100	1	189.148503255377	475.222805561402	0.179533371432035	FALSE	FALSE
R198349_58	free_noTails	parametric	original	Increasing	0.77230469728893	11	450	2300	1850	265	2485	9250	0.416666666666667	1952.29974007538	1404.73053916459	2290.96276165703	190.684285631889	15.8865759961087	1336.6234242239	0.0260641765964758	0.4362691496927	0.0260641765964758	0.4362691496927	0.410204973096224	0.410204973096224	0.410204973096224	0.21430444562928	0.963600027555206	-35.0758648068865	78.151729613773	100	100	1	180.627905570941	427.326159741907	0.185939559968125	FALSE	FALSE
R198349_83	free_noTails	parametric	original	Increasing	0.774682960855324	11	450	2300	1850	265	2485	9250	0.416666666666667	1994.83281302281	1929.11939132893	2140.10590244425	67.8627264817985	3.33053567718848	388.493953718605	0.000295633842249237	0.405430227202948	0.000295633842249237	0.405430227202948	0.405134593360699	0.405134593360699	0.405134593360699	0.241312178455521	0.700029220349966	-22.7280890668491	53.4561781336982	100	100	1	58.6174185891217	92.1139997653617	0.129504694626078	FALSE	FALSE
R199428_67	free_noTails	parametric	original	Increasing	0.852867863163889	11	450	2300	1850	265	2485	9250	0.416666666666667	1908.80937283743	1531.52232713758	2228.74420484559	479.685788373142	19.2187882859387	784.001626057816	0.000284437040251904	0.422461373314668	0.000284437040251904	0.422461373314668	0.422176936274416	0.422176936274416	0.422176936274416	0.241727286391706	0.960359454814633	-30.1988072006844	68.3976144013688	100	100	1	189.415129559637	243.031654772674	0.197478137221825	FALSE	FALSE
R201368_44	free_noTails	parametric	original	Increasing	0.844918540247645	11	450	2300	1850	265	2485	9250	0.4	1807.80174768853	1383.2770780743	2211.83569529533	290.989843138167	13.5012802044532	777.740232574383	0.000530731112821681	0.368956381461671	0.000530731112821681	0.368956381461671	0.368425650348849	0.368425650348849	0.368425650348849	0.232829197973669	0.826147165065428	-30.4890489136176	68.9780978272351	100	100	1	202.70006633013	223.986456405156	0.145189865149109	FALSE	FALSE
R214888_189	free_noTails	parametric	flipped_to_increasing	Decreasing	-0.909389902984568	11	450	2300	1850	265	2485	9250	0.428571428571429	1145.12535213026	576.583069155533	1865.05601762724	1034.86717398656	7.30850610069371	1960.23230048802	0.533816084299771	0.997810072015877	0.466183915700229	0.00218992798412287	0.463993987716107	-0.463993987716107	0.463993987716107	0.250456337562035	0.97138610130968	-44.4884485055317	96.9768970110634	100	100	1	347.388792143147	553.871031461341	0.190408345104924	FALSE	FALSE
R242332_26	free_noTails	parametric	flipped_to_increasing	Decreasing	-0.766727081089446	11	450	2300	1850	265	2485	9250	0.5	1894.90808116859	1159.2351076552	1973.73818161555	102.416815984365	10.4527007838839	1283.59132173366	0.519887489630324	0.999492168731409	0.480112510369676	0.000507831268591219	0.479604679101085	-0.479604679101085	0.479604679101085	0.351540910701413	0.754196417598609	-66.4637635922722	140.927527184544	100	100	1	209.207211382516	312.60911283836	0.0868232760941443	FALSE	FALSE
R249864_82	free_noTails	parametric	flipped_to_increasing	Decreasing	-0.800221698771057	11	450	2300	1850	265	2485	9250	0.5	1061.53849552695	972.721500991995	1086.25174555504	20.5749134562125	0.987708495580756	179.189889514899	0.605002266717823	0.999302333222961	0.394997733282177	0.00069766677703853	0.394300066505139	-0.394300066505139	0.394300066505139	0.279175282599304	0.555661092220941	-33.7084852088664	75.4169704177328	100	100	1	33.4968122114387	57.4408875767706	0.0784127006720258	FALSE	FALSE
R251367_38	free_noTails	parametric	flipped_to_increasing	Decreasing	-0.746202507244636	11	450	2300	1850	265	2485	9250	0.5	1081.24489331032	974.796163433556	1100.09852577217	39.8709516897035	4.08288020888771	362.523951118979	0.535819699962556	0.998490287047229	0.464180300037444	0.00150971295277069	0.462670587084673	-0.462670587084673	0.462670587084673	0.303530051157634	0.641438779438281	-29.8664823003069	67.7329646006139	100	100	1	37.8031783083579	83.63223174607	0.0929037055890257	FALSE	FALSE
R253129_55	free_noTails	parametric	flipped_to_increasing	Decreasing	-0.904534033733291	10	450	2300	1850	265	2485	9250	0.5	1097.74020469036	944.764204600815	1195.39430701196	141.273809096052	34.556493637491	613.557049301149	0.490697040490226	0.998536680663504	0.509302959509774	0.00146331933649646	0.507839640173277	-0.507839640173277	0.507839640173277	0.382661189876797	0.700722857877755	-40.6847592380722	89.3695184761445	100	100	1	59.7144915380175	152.648284475715	0.0856838156001748	FALSE	FALSE
R253617_82	free_noTails	parametric	flipped_to_increasing	Decreasing	-0.767068826207443	10	450	2300	1850	265	2485	9250	0.5	1116.78382891087	668.56516221732	1252.67651081369	38.2364435322157	2.81490079291873	945.190709911688	0.592201647765601	0.981014450908344	0.407798352234399	0.0189855490916555	0.388812803142743	-0.388812803142743	0.388812803142743	0.149025143031532	0.692371950189726	-21.2847891964772	50.5695783929544	100	100	1	180.299481878149	264.786947755658	0.140049603472964	FALSE	FALSE
R262745_81	free_noTails	parametric	original	Increasing	0.867442794919067	11	450	2300	1850	265	2485	9250	0.5	1311.91677734355	1239.6064609866	2173.82858618802	58.0124831908775	9.13208840614273	901.319019144858	0.000606557615348121	0.308097350649246	0.000606557615348121	0.308097350649246	0.307490793033898	0.307490793033898	0.307490793033898	0.18432834434033	0.731079204059311	-32.1725535702226	72.3451071404451	100	100	1	296.192849024427	236.727557893639	0.137747986384235	FALSE	FALSE
R268190_45	free_noTails	parametric	flipped_to_increasing	Decreasing	-0.734166193719106	11	450	2300	1850	265	2485	9250	0.5	1916.27670171737	1151.75025434449	2054.74366376684	471.526883723408	29.9468067668001	2083.99371295839	0.522764715709238	0.994808118136913	0.477235284290762	0.00519188186308739	0.472043402427674	-0.472043402427674	0.472043402427674	0.303505256432258	0.791453527943102	-58.334074668807	124.668149337614	100	100	1	282.491366029659	554.717784882315	0.125188615846304	FALSE	FALSE
R270196_59	free_noTails	parametric	original	Increasing	0.864332521122922	11	450	2300	1850	265	2485	9250	0.5	1918.67883723175	1837.71154388594	2074.68882268844	71.6394525263009	5.16870998935364	779.517022285671	0.0171050712259794	0.515596806375404	0.0171050712259794	0.515596806375404	0.498491735149425	0.498491735149425	0.498491735149425	0.359929447561211	0.862812220933132	-35.5468991087509	79.0937982175019	100	100	1	87.0022456366395	208.65492477581	0.120319888947549	FALSE	FALSE
R280198_164	free_noTails	parametric	original	Increasing	0.910430543453697	10	450	2300	1850	265	2485	9250	0.5	1189.55795470638	863.382063446443	2129.80202196386	800.673631307609	24.3085312597555	2164.38071567543	6.77788972564819e-05	0.47283176998825	6.77788972564819e-05	0.47283176998825	0.472763991090994	0.472763991090994	0.472763991090994	0.291999912072834	0.943022106341085	-54.0039500940616	116.007900188123	100	100	1	299.68240842987	580.393229546699	0.150469707406584	FALSE	FALSE
R291169_231	free_noTails	parametric	original	Increasing	0.842088210410616	11	450	2300	1850	265	2485	9250	0.428571428571429	1268.1648170828	1116.13735459585	2097.28185570633	199.824404663607	4.35000148793081	979.924304737464	0.0181525769217025	0.317259568243238	0.0181525769217025	0.317259568243238	0.299106991321535	0.299106991321535	0.299106991321535	0.186422432676304	0.532071922281073	-40.512252773774	89.024505547548	100	100	1	237.454602343298	353.218880152337	0.0969669901645529	FALSE	FALSE
R297771_32	free_noTails	parametric	original	Increasing	0.825446219632147	11	450	2300	1850	265	2485	9250	0.416666666666667	1774.19331368384	1095.91711581196	2418.17190547207	1351.16167120473	15.5421641848296	1849.03907455257	0.00180550341064272	0.508881678689559	0.00180550341064272	0.508881678689559	0.507076175278916	0.507076175278916	0.507076175278916	0.202203597294749	0.942741574024968	-40.9135762508008	89.8271525016016	100	100	1	371.992876351869	568.687277923045	0.215911276093665	FALSE	FALSE
R297771_84	free_noTails	parametric	flipped_to_increasing	Decreasing	-0.919930144339786	11	450	2300	1850	265	2485	9250	0.5	1303.13835959462	772.217487004203	1878.02742003097	784.411712030143	10.561205373176	1691.55083670179	0.532821775393234	0.971232396992615	0.467178224606766	0.0287676030073853	0.438410621599381	-0.438410621599381	0.438410621599381	0.262772312411881	0.884595136670683	-54.232777285658	116.465554571316	100	100	1	262.708395038136	483.595206995803	0.147809965680352	FALSE	FALSE
R299209_66	free_noTails	parametric	original	Increasing	0.718962719251664	11	450	2300	1850	265	2485	9250	0.5	1784.54241902141	1243.77106795034	2178.96267300182	118.022050309804	16.5300523020857	1968.58636353896	0.088208004934671	0.454167405869949	0.088208004934671	0.454167405869949	0.365959400935278	0.365959400935278	0.365959400935278	0.271320537503625	0.93280995044034	-51.9963401403507	111.992680280701	100	100	1	262.578478143331	539.397983872849	0.177926415694942	FALSE	FALSE
R311173_56	free_noTails	parametric	original	Increasing	0.756277056878504	11	450	2300	1850	265	2485	9250	0.5	1206.60313059256	1041.1005906562	1928.9723461241	9.8665089213855	7.28701159655191	888.00747604798	0.115342977117272	0.447077188861592	0.115342977117272	0.447077188861592	0.331734211744319	0.331734211744319	0.331734211744319	0.184095590894015	0.547830183824519	-57.5822537071638	123.164507414328	100	100	1	198.277214754903	248.846111572056	0.0978595492257558	FALSE	FALSE
R314063_61	free_noTails	parametric	original	Increasing	0.880408778480133	11	450	2300	1850	265	2485	9250	0.5	1209.19579822943	1123.63530062073	1432.60195998635	39.9917415730496	1.72389088375384	449.795944743028	0.0179135214694243	0.501919473246069	0.0179135214694243	0.501919473246069	0.484005951776645	0.484005951776645	0.484005951776645	0.355067028088347	0.636746934741817	-39.6075532625134	87.2151065250267	100	100	1	113.597403123739	195.744978431845	0.0861873442785203	FALSE	FALSE
R316726_66	free_noTails	parametric	original	Increasing	0.831809397406756	11	450	2300	1850	265	2485	9250	0.416666666666667	1806.61031151446	1382.10411809181	2113.80044931621	146.186077795827	5.84434863548776	710.874743265274	0.000172099434877074	0.409314874298555	0.000172099434877074	0.409314874298555	0.409142774863678	0.409142774863678	0.409142774863678	0.281458186899926	0.828681643734315	-29.3457760648398	66.6915521296796	100	100	1	184.376651136098	199.788046815472	0.14102064208266	FALSE	FALSE
R317285_24	free_noTails	parametric	original	Increasing	0.864316636432576	11	450	2300	1850	265	2485	9250	0.5	1233.28248835056	1009.34725480023	1958.32503928643	537.588335816685	20.0817388438138	1268.08304251351	0.00730632719485146	0.477142358611295	0.00730632719485146	0.477142358611295	0.469836031416443	0.469836031416443	0.469836031416443	0.324454242899037	0.743490520030013	-47.1621347320086	102.324269464017	100	100	1	239.786596066755	368.267286808385	0.105557180665172	FALSE	FALSE
R317285_36	free_noTails	parametric	original	Increasing	0.864316636432576	11	450	2300	1850	265	2485	9250	0.5	1305.1505426092	1073.69455610939	2053.74463166423	633.434943390606	18.6071388525065	1247.94942876699	0.000969609882735832	0.482235910817986	0.000969609882735832	0.482235910817986	0.481266300935251	0.481266300935251	0.481266300935251	0.295046689794622	0.836502469867285	-46.0230628211093	100.046125642219	100	100	1	255.085752724879	350.092798187691	0.124463719939694	FALSE	FALSE
R317285_45	free_noTails	parametric	original	Increasing	0.776954655424218	11	450	2300	1850	265	2485	9250	0.5	1366.1808856318	1084.90788098069	2156.03359718412	413.570077154603	12.2325563105221	1499.18045141834	0.0909645562511453	0.508969645258074	0.0909645562511453	0.508969645258074	0.418005089006929	0.418005089006929	0.418005089006929	0.278491058378648	0.879956085208966	-51.3077530211326	110.615506042265	100	100	1	335.250328962789	437.850838278089	0.150281989197298	FALSE	FALSE
R317285_47	free_noTails	parametric	original	Increasing	0.864316636432576	11	450	2300	1850	265	2485	9250	0.5	1396.73043318433	1113.84417843426	2018.51960460388	766.868873801604	17.2138149900328	1506.11968234682	0.00133379779050188	0.488880836104411	0.00133379779050188	0.488880836104411	0.487547038313909	0.487547038313909	0.487547038313909	0.303463670815938	0.949621842450838	-42.0232973193543	92.0465946387085	100	100	1	260.741983798021	439.53666517239	0.144706789156323	FALSE	FALSE
R317285_78	free_noTails	parametric	original	Increasing	0.8434823356733	11	450	2300	1850	265	2485	9250	0.5	1382.59234600545	1125.05812140949	1931.64929058504	742.692597914199	28.7768448339904	1581.49944955448	0.000265661188075279	0.487398439719117	0.000265661188075279	0.487398439719117	0.487132778531041	0.487132778531041	0.487132778531041	0.298690532906354	0.853331659243207	-46.5293308037264	101.058661607453	100	100	1	241.619759753818	437.089096527457	0.124348852798083	FALSE	FALSE
R317285_79	free_noTails	parametric	original	Increasing	0.85700452901338	11	450	2300	1850	265	2485	9250	0.5	1378.40264752249	1100.63944962444	2053.10146853729	764.343711146361	34.8193641825223	1893.64924238439	0.00113997003808672	0.495928516601384	0.00113997003808672	0.495928516601384	0.494788546563297	0.494788546563297	0.494788546563297	0.265798331123087	0.928718721356224	-45.2136293087646	98.4272586175292	100	100	1	267.086631875949	500.077961966678	0.159279778918415	FALSE	FALSE
R322390_32	free_noTails	parametric	original	Increasing	0.8161191437041	11	450	2300	1850	265	2485	9250	0.5	1159.84316796044	1098.99598022379	1373.7735722931	32.880407018283	1.39986593708567	602.63312181972	0.0172029767832962	0.336364910845562	0.0172029767832962	0.336364910845562	0.319161934062266	0.319161934062266	0.319161934062266	0.181066641193415	0.48429332975812	-40.964600214812	89.9292004296239	100	100	1	108.563248079152	198.54738415007	0.0948285621929018	FALSE	FALSE
R322390_33	free_noTails	parametric	original	Increasing	0.814173684098662	11	450	2300	1850	265	2485	9250	0.5	1170.73890807665	1109.94348088275	1906.40170839509	33.9429218339385	2.68207524315545	1366.0309738812	0.015265179044862	0.327994475002274	0.015265179044862	0.327994475002274	0.312729295957412	0.312729295957412	0.312729295957412	0.190212401111603	0.465766194741175	-42.5085485079766	93.0170970159532	100	100	1	180.044417446211	305.985653681879	0.0926489379063066	FALSE	FALSE
R338217_58	free_noTails	parametric	original	Increasing	0.828130947254639	11	450	2300	1850	265	2485	9250	0.5	1597.62895602388	1106.92653679925	2236.58536377314	1211.82418552772	13.9260066028404	1531.85016991529	0.00197336256915277	0.469644216964465	0.00197336256915277	0.469644216964465	0.467670854395312	0.467670854395312	0.467670854395312	0.257835537806347	0.960380386167317	-37.3531111496366	82.7062222992732	100	100	1	334.819497588227	465.209653636422	0.182460975435857	FALSE	FALSE
R348785_21	free_noTails	parametric	flipped_to_increasing	Decreasing	-0.839975178439968	11	450	2300	1850	265	2485	9250	0.416666666666667	1115.86924551992	966.570502794342	1185.05660442787	23.5043617772516	2.52381376661435	468.417369638657	0.66586221425357	0.998067669397766	0.33413778574643	0.00193233060223386	0.332205455144196	-0.332205455144196	0.332205455144196	0.205083641150181	0.518302469514466	-36.0118096681823	80.0236193363645	100	100	1	60.8995367492603	127.840778971793	0.0838924099873048	FALSE	FALSE
R348785_37	free_noTails	parametric	flipped_to_increasing	Decreasing	-0.897089182573457	11	450	2300	1850	265	2485	9250	0.416666666666667	1095.40608768005	873.607452341699	1175.83502290909	37.5069647691977	2.37804329629112	443.44166127951	0.627930470890941	0.998715485721468	0.372069529109059	0.00128451427853216	0.370785014830526	-0.370785014830526	0.370785014830526	0.224384261272707	0.65064888234513	-32.5835328967624	73.1670657935248	100	100	1	84.0950216731024	136.667667915294	0.105857623953136	FALSE	FALSE
R350379_29	free_noTails	parametric	original	Increasing	0.807697662453781	11	450	2300	1850	265	2485	9250	0.4	1316.22462987239	1212.8733332336	2187.1927739947	105.83038053083	7.70011337146025	872.338470700181	0.0108884356889791	0.296731296634634	0.0108884356889791	0.296731296634634	0.285842860945655	0.285842860945655	0.285842860945655	0.156143959757995	0.681492217232724	-34.3434438812751	76.6868877625502	100	100	1	287.49806979473	293.42201659048	0.123303360760314	FALSE	FALSE
R350379_40	free_noTails	parametric	original	Increasing	0.807697662453781	11	450	2300	1850	265	2485	9250	0.4	1478.7400034898	1169.78305150005	2163.80048782495	656.466006210961	38.4416578248834	1307.76769551693	0.000177058470948153	0.344972770265039	0.000177058470948153	0.344972770265039	0.344795711794091	0.344795711794091	0.344795711794091	0.202103661149222	0.795969742432311	-35.1001120229509	78.2002240459019	100	100	1	291.515208498012	372.562882060704	0.155160012407227	FALSE	FALSE
R355450_54	free_noTails	parametric	flipped_to_increasing	Decreasing	-0.946698206696756	11	450	2300	1850	265	2485	9250	0.428571428571429	1039.9058183431	652.636603557732	1695.10343922058	812.269025086764	14.0659208287538	1186.72665519408	0.564902361580659	0.999730814285119	0.435097638419341	0.000269185714880549	0.43482845270446	-0.43482845270446	0.43482845270446	0.213651432751967	0.959381390208392	-40.4947391787556	88.9894783575113	100	100	1	255.282632802674	364.708505973488	0.197993325715494	FALSE	FALSE
R377743_81	free_noTails	parametric	original	Increasing	0.827788267151338	11	450	2300	1850	265	2485	9250	0.5	1240.23505059601	1097.64321185326	2231.39330204612	198.086098814075	7.84064797545576	1147.73590034306	8.98552857233042e-06	0.240528369075645	8.98552857233042e-06	0.240528369075645	0.240519383547073	0.240519383547073	0.240519383547073	0.112854807957875	0.855790466071831	-34.9228152323888	77.8456304647776	100	100	1	289.907707213878	291.778326690109	0.157511302770538	FALSE	FALSE
R379204_249	free_noTails	parametric	original	Increasing	0.849736007270071	11	450	2300	1850	265	2485	9250	0.375	1458.37252042008	1111.07688793221	2347.17139127154	734.758271510416	8.20796366005753	1583.23114220184	0.000368523661193556	0.291583475203635	0.000368523661193556	0.291583475203635	0.291214951542441	0.291214951542441	0.291214951542441	0.175378151561413	0.858748315551855	-29.3613545848466	66.7227091696931	100	100	1	372.421943338784	436.982208980571	0.167027628658807	FALSE	FALSE
R379515_81	free_noTails	parametric	original	Increasing	0.915324085675769	11	450	2300	1850	265	2485	9250	0.5	1337.76835911185	1171.65653123591	2125.86533925409	385.484491087744	17.1904353264079	1018.97605650327	5.54620750398607e-05	0.335501347075092	5.54620750398607e-05	0.335501347075092	0.335445885000052	0.335445885000052	0.335445885000052	0.211077424427128	0.904816836593729	-35.2399562169304	78.4799124338608	100	100	1	262.311416689875	277.30116610594	0.148506244605436	FALSE	FALSE
R382423_70	free_noTails	parametric	original	Increasing	0.901895620625297	11	450	2300	1850	265	2485	9250	0.5	1067.46080160829	1021.22067880129	1254.0048362202	37.4758670474406	3.8306021633308	459.484078610316	0.00535661920345389	0.321251685865605	0.00535661920345389	0.321251685865605	0.315895066662151	0.315895066662151	0.315895066662151	0.181724306274899	0.474815032996976	-43.7062630833348	95.4125261666696	100	100	1	112.374553980735	128.745728408389	0.0745135123624925	FALSE	FALSE
R383457_51	free_noTails	parametric	original	Increasing	0.748479211615881	11	450	2300	1850	265	2485	9250	0.416666666666667	1812.89030162106	1318.22807091035	2120.42457489542	85.1425727685507	6.43541448764273	1208.24121433789	0.0119725602131919	0.374475798453876	0.0119725602131919	0.374475798453876	0.362503238240684	0.362503238240684	0.362503238240684	0.240868972962483	0.866416812806874	-35.6993721541437	79.3987443082873	100	100	1	210.389639071503	292.79590893323	0.146220271013726	FALSE	FALSE
