chromo	position	nInd_450	nInd_850	nInd_900	nInd_1000	nInd_1100	nInd_1200	nInd_1300	nInd_1900	nInd_2000	nInd_2100	nInd_2300
R004174	136	7	6	6	7	7	3	5	7	7	7	6
R009081	18	7	6	7	7	7	3	5	7	7	7	6
R009667	81	7	6	7	6	7	5	5	7	7	7	6
R010003	49	7	6	7	6	7	4	5	7	7	7	6
R017192	80	7	6	6	7	7	4	5	7	7	7	6
R017916	78	7	6	7	7	7	3	5	7	7	7	6
R022224	8	7	6	7	7	7	5	5	7	7	7	6
R022224	24	7	6	7	7	7	5	5	7	7	7	6
R022224	25	7	6	7	7	7	5	5	7	7	7	6
R024672	18	7	6	7	7	7	4	5	7	7	7	6
R024672	35	7	6	7	7	7	4	5	7	7	7	6
R024672	53	7	6	7	7	7	4	5	7	7	7	6
R025848	41	7	6	7	7	7	5	5	7	7	7	6
R028703	19	7	6	7	7	7	4	5	7	7	7	6
R035974	55	7	6	7	7	7	5	5	7	7	7	6
R036323	74	7	6	7	7	7	4	5	7	7	7	6
R040425	54	7	6	6	7	7	5	4	7	7	6	6
R040425	61	7	6	6	7	7	5	4	7	7	6	6
R040858	309	7	6	7	7	6	5	5	7	7	7	6
R049758	202	7	6	7	7	7	4	4	7	7	7	6
R056201	76	7	6	7	6	7	4	5	7	7	7	6
R057384	47	7	6	7	7	6	5	5	7	7	7	6
R058569	67	7	6	7	7	7	5	5	7	7	7	6
R063986	69	7	6	6	6	6	3	4	7	7	7	6
R065322	41	7	6	7	7	7	3	4	7	7	7	6
R065992	28	7	6	7	7	7	4	5	7	7	6	6
R067394	78	7	5	7	7	7	5	5	7	7	7	6
R070847	35	7	6	6	7	7	4	5	7	7	7	6
R072097	32	7	6	7	7	7	4	5	6	7	7	6
R072097	54	7	6	7	7	7	4	5	6	7	7	6
R072477	29	7	6	7	7	7	4	5	7	7	7	6
R072477	49	7	6	7	7	7	4	5	7	7	7	6
R075206	18	7	6	7	7	7	5	5	7	7	7	6
R075206	42	7	6	7	7	7	5	5	7	7	7	6
R077654	55	7	6	7	7	7	5	5	7	7	7	6
R106792	48	7	6	7	7	7	5	5	7	7	7	6
R106851	52	7	6	7	7	7	4	5	7	7	7	6
R106851	58	7	6	7	7	7	4	5	7	7	7	6
R106851	79	7	6	7	7	7	4	5	7	7	7	6
R106933	12	7	6	7	7	7	5	5	7	7	7	6
R108022	64	7	6	7	7	7	5	5	7	7	7	6
R108022	67	7	6	7	7	7	5	5	7	7	7	6
R108678	75	7	6	6	6	7	5	5	7	7	7	6
R112328	80	7	6	7	7	7	5	5	7	7	7	6
R118398	69	7	6	7	7	7	4	5	6	6	7	6
R120895	9	7	6	6	7	7	5	5	7	6	7	6
R122686	65	7	6	7	7	7	5	5	7	7	7	6
R126146	53	7	6	7	7	7	5	5	7	7	7	6
R126146	82	7	6	7	7	7	5	5	7	7	7	6
R138588	36	7	6	7	7	7	5	5	7	7	7	6
R145598	62	7	6	7	7	6	3	5	7	6	7	6
R146799	83	7	6	6	7	7	5	5	7	7	7	6
R156443	261	7	6	7	7	7	5	4	7	7	7	6
R160254	68	7	6	7	7	7	4	5	7	6	7	6
R160254	69	7	6	7	7	7	4	5	7	6	7	6
R170442	103	7	6	7	6	7	5	5	7	7	7	6
R178603	20	7	6	7	7	7	5	5	7	7	7	6
R182550	54	7	6	6	6	7	5	5	7	7	7	6
R188589	63	7	6	7	7	7	5	4	7	7	7	6
R198349	21	7	6	7	7	7	5	5	7	7	7	6
R198349	23	7	6	7	7	7	5	5	7	7	7	6
R198349	31	7	6	7	7	7	5	5	7	7	7	6
R198349	58	7	6	7	7	7	5	5	7	7	7	6
R198349	83	7	6	7	7	7	5	5	7	7	7	6
R199428	67	7	6	7	7	7	4	5	7	7	7	6
R201368	44	7	6	7	7	6	4	4	7	7	7	6
R214888	189	7	6	7	7	6	4	5	7	7	7	6
R242332	26	7	6	7	7	7	5	5	7	7	7	6
R249864	82	7	6	7	7	7	4	5	7	7	7	6
R251367	38	7	6	6	7	6	4	5	7	7	6	6
R253129	55	7	6	7	7	7	5	4	7	7	7	6
R253617	82	4	6	5	5	5	3	5	7	7	6	6
R262745	81	7	6	7	7	7	5	5	7	7	7	6
R268190	45	7	6	7	6	7	5	5	7	7	7	6
R270196	59	7	6	7	6	6	5	5	7	7	7	6
R280198	164	7	6	7	7	7	4	5	7	7	7	6
R291169	231	7	6	7	7	6	5	5	7	6	7	6
R297771	32	7	6	7	7	7	4	5	7	7	7	6
R297771	84	7	6	7	7	7	4	5	7	7	7	6
R299209	66	7	6	7	7	7	5	5	7	7	7	6
R311173	56	7	6	7	7	7	5	5	7	7	7	6
R314063	61	7	6	7	7	7	4	5	7	7	7	6
R316726	66	7	5	7	7	7	3	5	7	7	7	6
R317285	24	7	6	7	7	7	5	5	7	7	7	6
R317285	36	7	6	7	7	7	5	5	7	7	7	6
R317285	45	7	6	7	7	7	5	5	7	7	7	6
R317285	47	7	6	7	7	7	5	5	7	7	7	6
R317285	78	7	6	7	7	7	5	5	7	7	7	6
R317285	79	7	6	7	7	7	5	5	7	7	7	6
R322390	32	7	6	7	7	7	5	5	7	7	7	6
R322390	33	7	6	7	7	7	5	5	7	7	7	6
R338217	58	7	6	7	7	7	5	5	7	7	7	6
R348785	21	7	6	7	7	6	5	5	7	7	7	6
R348785	37	7	6	7	7	6	5	5	7	7	7	6
R350379	29	7	6	7	7	7	4	5	7	7	7	6
R350379	40	7	6	7	7	7	4	5	7	7	7	6
R355450	54	7	6	7	7	6	5	5	7	7	7	6
R377743	81	7	6	7	7	7	5	5	7	7	7	6
R379204	249	7	6	7	7	7	5	5	7	7	7	6
R379515	81	7	6	7	7	7	5	5	7	7	7	6
R382423	70	7	6	7	7	6	5	5	7	6	7	6
R383457	51	7	6	7	7	7	5	5	7	7	7	6
